fips,Total Cases,Total Deaths,Count
29119.0,952,0,82
30087.0,13,0,13
30085.0,455,0,88
30083.0,201,0,68
30081.0,581,0,86
30073.0,118,0,61
30067.0,574,0,80
30065.0,78,0,76
30059.0,81,0,81
30051.0,76,0,76
30049.0,1292,0,94
30047.0,392,0,80
30043.0,198,0,83
30041.0,82,0,82
30037.0,183,0,65
30035.0,371,0,73
30023.0,233,0,78
30017.0,12,0,3
30009.0,411,0,75
30007.0,322,0,88
30001.0,72,0,72
29229.0,752,0,80
29227.0,151,0,70
29225.0,975,0,77
30093.0,893,0,94
29219.0,1619,0,79
30095.0,74,0,67
31003.0,341,0,77
31089.0,43,0,43
31087.0,46,0,46
31083.0,7,0,7
31077.0,115,0,53
31073.0,688,0,79
31071.0,11,0,11
31069.0,52,0,14
31063.0,47,0,47
31061.0,313,0,66
31045.0,39,0,37
31039.0,1138,0,75
31035.0,982,0,66
31033.0,487,0,70
31031.0,72,0,72
31029.0,22,0,22
31027.0,305,0,49
31025.0,1588,0,95
31023.0,1609,0,59
31021.0,357,0,67
31015.0,14,0,14
31013.0,95,0,65
31011.0,177,0,42
31007.0,6,0,6
30107.0,52,0,52
31095.0,288,0,50
29217.0,408,0,67
29211.0,1713,0,43
29117.0,199,0,77
29109.0,273,0,43
29105.0,169,0,37
29103.0,10,0,5
29101.0,4508,0,86
29097.0,2265,0,86
29093.0,123,0,65
29091.0,470,0,74
29089.0,164,0,69
29087.0,64,0,61
29081.0,499,0,76
29079.0,99,0,23
29073.0,148,0,75
29067.0,35,0,15
29065.0,31,0,31
29063.0,299,0,75
29061.0,207,0,61
29059.0,180,0,69
29055.0,505,0,77
29053.0,539,0,82
29049.0,1049,0,84
29045.0,75,0,73
29043.0,1597,0,87
29121.0,219,0,77
29215.0,17,0,17
29123.0,148,0,70
29127.0,278,0,58
29209.0,296,0,77
29205.0,82,0,82
29203.0,80,0,19
29197.0,35,0,30
29185.0,135,0,67
29181.0,437,0,79
29179.0,154,0,77
29177.0,970,0,80
29175.0,624,0,82
29173.0,166,0,82
29171.0,8,0,8
29167.0,138,0,69
29161.0,189,0,70
29157.0,3552,0,84
29151.0,349,0,77
29149.0,119,0,69
29147.0,479,0,72
29141.0,408,0,77
29139.0,576,0,82
29137.0,47,0,19
29133.0,2467,0,54
29131.0,179,0,61
29129.0,51,0,15
29125.0,150,0,77
29041.0,392,0,80
31097.0,312,0,71
31101.0,82,0,44
38013.0,285,0,75
38011.0,69,0,69
38009.0,69,0,27
38005.0,61,0,39
38003.0,319,0,79
37199.0,524,0,43
37189.0,1135,0,92
37177.0,248,0,62
37173.0,586,0,47
37169.0,2412,0,74
37137.0,588,0,78
37121.0,537,0,74
37115.0,111,0,51
37109.0,3411,0,89
37095.0,58,0,47
37087.0,1736,0,73
37075.0,121,0,48
37053.0,583,0,78
37043.0,364,0,76
37041.0,737,0,73
37029.0,126,0,49
37013.0,1858,0,81
37011.0,80,0,27
38015.0,7356,0,90
37005.0,744,0,78
38021.0,19,0,13
38025.0,674,0,83
38087.0,212,0,73
38085.0,107,0,79
38083.0,9,0,9
38081.0,156,0,66
38079.0,215,0,65
38077.0,877,0,67
38075.0,77,0,45
38073.0,304,0,50
38069.0,216,0,87
38067.0,262,0,51
38065.0,77,0,77
38063.0,63,0,57
38061.0,2541,0,79
38057.0,193,0,41
38055.0,373,0,79
38053.0,966,0,76
38051.0,81,0,81
38045.0,43,0,9
38043.0,11,0,6
38039.0,24,0,24
38037.0,111,0,76
38031.0,82,0,82
38027.0,177,0,73
38023.0,79,0,79
31099.0,542,0,81
37003.0,1222,0,77
36095.0,2820,0,88
32015.0,895,0,55
32005.0,1701,0,84
31185.0,1483,0,77
31181.0,273,0,66
31179.0,524,0,65
31175.0,154,0,49
31171.0,40,0,40
31169.0,17,0,17
31167.0,767,0,70
31165.0,7,0,4
31163.0,143,0,53
31145.0,237,0,59
31143.0,544,0,67
31139.0,164,0,65
31137.0,741,0,71
31131.0,308,0,74
31129.0,30,0,30
31127.0,162,0,88
31125.0,198,0,60
31123.0,433,0,61
31121.0,1468,0,73
31107.0,420,0,90
31105.0,712,0,76
32017.0,71,0,38
36097.0,614,0,79
32021.0,200,0,58
32029.0,28,0,28
36049.0,955,0,78
36045.0,4621,0,89
36041.0,324,0,89
36033.0,1277,0,82
36031.0,2485,0,89
36023.0,2293,0,85
35059.0,178,0,51
35055.0,1636,0,90
35051.0,59,0,47
35047.0,545,0,88
35041.0,1405,0,80
35028.0,404,0,72
35027.0,176,0,72
35025.0,1138,0,86
35023.0,33,0,28
35021.0,53,0,53
35019.0,918,0,58
35017.0,972,0,75
35009.0,2336,0,83
35007.0,311,0,67
33007.0,228,0,73
33003.0,2831,0,91
32033.0,197,0,67
32027.0,52,0,18
29039.0,538,0,77
29033.0,306,0,54
29025.0,265,0,75
21065.0,24,0,13
21063.0,26,0,26
21057.0,303,0,74
21053.0,213,0,72
21049.0,2194,0,92
21045.0,175,0,62
21043.0,545,0,71
21041.0,416,0,79
21033.0,800,0,72
21025.0,229,0,85
21023.0,647,0,79
21021.0,1369,0,79
21013.0,47,0,28
21007.0,570,0,68
20207.0,411,0,83
20205.0,59,0,59
20201.0,5,0,5
20197.0,1421,0,71
20195.0,24,0,24
20189.0,1197,0,78
20187.0,423,0,64
20185.0,78,0,78
20183.0,120,0,61
21069.0,140,0,65
20181.0,298,0,59
21071.0,880,0,79
21079.0,231,0,62
21165.0,412,0,83
21161.0,552,0,81
21159.0,210,0,83
21155.0,1328,0,77
21153.0,59,0,30
21147.0,790,0,82
21139.0,375,0,62
21135.0,392,0,78
21133.0,225,0,71
21131.0,295,0,71
21129.0,18,0,18
21127.0,145,0,76
21121.0,449,0,67
21119.0,234,0,65
21115.0,247,0,71
21113.0,3431,0,85
21105.0,227,0,55
21099.0,1009,0,69
21097.0,1787,0,99
21095.0,115,0,39
21091.0,453,0,76
21089.0,792,0,71
21087.0,86,0,69
21075.0,232,0,57
21167.0,819,0,81
20179.0,110,0,57
20163.0,394,0,69
20081.0,824,0,56
20077.0,65,0,46
20075.0,691,0,65
20073.0,284,0,72
20069.0,740,0,53
20063.0,80,0,80
20059.0,1811,0,93
20053.0,85,0,42
20051.0,555,0,65
20047.0,223,0,54
20045.0,4246,0,90
20043.0,589,0,83
20041.0,170,0,62
20033.0,41,0,24
20029.0,274,0,74
20025.0,1096,0,53
20023.0,93,0,47
20021.0,621,0,88
20019.0,269,0,76
20017.0,159,0,59
20015.0,1615,0,94
20013.0,208,0,42
20007.0,69,0,69
20083.0,91,0,24
20171.0,472,0,69
20087.0,998,0,81
20097.0,108,0,53
20159.0,189,0,53
20157.0,274,0,71
20155.0,2760,0,87
20151.0,92,0,75
20149.0,1271,0,83
20147.0,96,0,65
20145.0,33,0,12
20143.0,270,0,80
20141.0,145,0,73
20139.0,441,0,80
20137.0,93,0,45
20135.0,66,0,28
20133.0,177,0,82
20131.0,425,0,48
20129.0,245,0,70
20127.0,269,0,88
20123.0,243,0,85
20121.0,402,0,79
20119.0,1082,0,52
20113.0,1714,0,80
20107.0,572,0,88
20101.0,78,0,24
20099.0,1485,0,76
20089.0,262,0,72
21171.0,700,0,71
21173.0,1211,0,95
21175.0,100,0,64
27117.0,474,0,71
27115.0,4160,0,68
27113.0,643,0,55
27107.0,622,0,61
27101.0,1586,0,70
27089.0,423,0,57
27085.0,1225,0,72
27081.0,268,0,80
27075.0,39,0,39
27073.0,154,0,84
27071.0,263,0,74
27069.0,58,0,58
27063.0,1715,0,86
27059.0,1245,0,78
27057.0,69,0,23
27055.0,133,0,71
27051.0,132,0,44
27047.0,5173,0,75
27043.0,764,0,80
27041.0,1352,0,78
27039.0,2339,0,86
27033.0,3086,0,78
27031.0,2,0,2
27121.0,292,0,41
27029.0,187,0,79
27125.0,150,0,64
27129.0,369,0,93
29023.0,1875,0,75
29017.0,336,0,81
29015.0,563,0,81
29011.0,4,0,4
29009.0,432,0,80
29005.0,168,0,80
29003.0,955,0,65
29001.0,2143,0,84
28141.0,1167,0,76
28131.0,1627,0,71
28125.0,388,0,80
28119.0,1477,0,81
28009.0,844,0,81
27173.0,298,0,75
27165.0,2470,0,77
27161.0,1097,0,92
27159.0,297,0,48
27157.0,966,0,86
27155.0,212,0,76
27149.0,19,0,18
27147.0,5582,0,86
27135.0,119,0,69
27133.0,1009,0,64
27127.0,232,0,70
27017.0,4014,0,76
27011.0,278,0,84
27007.0,724,0,80
22035.0,4341,0,79
22023.0,279,0,69
21239.0,1653,0,80
21237.0,27,0,27
21235.0,745,0,68
21233.0,1791,0,81
21231.0,544,0,82
21229.0,400,0,79
21225.0,695,0,81
21223.0,237,0,66
21221.0,551,0,64
21219.0,987,0,69
21215.0,1072,0,86
21209.0,2390,0,88
21205.0,326,0,65
21203.0,815,0,76
21197.0,92,0,76
21193.0,961,0,72
21191.0,496,0,74
21189.0,132,0,64
21187.0,87,0,48
21183.0,6675,0,72
21181.0,127,0,79
22107.0,483,0,65
23015.0,1192,0,92
23017.0,1516,0,90
23021.0,57,0,57
27005.0,1505,0,65
27001.0,292,0,59
26153.0,235,0,68
26143.0,1221,0,85
26141.0,620,0,70
26133.0,690,0,79
26123.0,3690,0,84
26119.0,296,0,63
26109.0,377,0,66
26105.0,1363,0,69
26097.0,422,0,75
38091.0,29,0,29
26095.0,127,0,73
26085.0,238,0,65
26083.0,5,0,5
26071.0,23,0,13
26061.0,234,0,77
26019.0,243,0,58
26013.0,60,0,60
26003.0,5,0,5
25019.0,861,0,86
24023.0,489,0,84
23029.0,121,0,73
23025.0,1248,0,78
26089.0,654,0,94
38093.0,1108,0,68
38097.0,405,0,39
38099.0,629,0,84
49033.0,3,0,3
49031.0,59,0,39
49029.0,682,0,81
49027.0,379,0,73
49025.0,219,0,74
49023.0,513,0,73
49021.0,3349,0,84
49019.0,350,0,73
49017.0,188,0,79
49015.0,363,0,73
49013.0,490,0,73
49007.0,513,0,73
48507.0,398,0,59
48505.0,517,0,70
48501.0,154,0,58
48495.0,189,0,66
48487.0,239,0,62
48483.0,661,0,54
48475.0,35,0,23
48473.0,2935,0,78
48465.0,1055,0,81
48463.0,662,0,80
48459.0,1266,0,87
49039.0,488,0,58
48457.0,613,0,72
49041.0,497,0,61
49045.0,6122,0,91
51125.0,769,0,82
51119.0,612,0,67
51115.0,312,0,82
51111.0,533,0,69
51105.0,616,0,85
51103.0,405,0,79
51091.0,123,0,54
51071.0,316,0,70
51057.0,1710,0,60
51053.0,2787,0,69
51049.0,1481,0,74
51045.0,259,0,69
51043.0,1158,0,76
51037.0,987,0,72
51027.0,1005,0,69
51011.0,1436,0,70
50019.0,731,0,83
50017.0,572,0,91
50013.0,319,0,69
50009.0,151,0,68
50005.0,959,0,83
49053.0,13836,0,101
49047.0,572,0,80
49043.0,28717,0,93
51135.0,1416,0,82
48455.0,768,0,72
48445.0,816,0,82
48333.0,27,0,27
48319.0,1411,0,72
48313.0,389,0,67
48307.0,198,0,67
48299.0,244,0,82
48297.0,439,0,75
48295.0,140,0,48
48289.0,528,0,77
48283.0,162,0,60
48281.0,422,0,73
48279.0,597,0,79
48275.0,69,0,69
48271.0,16,0,16
48267.0,38,0,38
48259.0,1537,0,82
48255.0,251,0,81
48253.0,13057,0,68
48249.0,474,0,74
48247.0,179,0,53
48237.0,251,0,67
48235.0,13,0,13
48233.0,1570,0,72
48229.0,97,0,20
48335.0,73,0,69
48447.0,1,0,1
48343.0,916,0,84
48351.0,245,0,75
48429.0,141,0,66
48427.0,1612,0,80
48425.0,10,0,6
48421.0,1199,0,60
48417.0,39,0,39
48415.0,535,0,67
48413.0,2,0,2
48411.0,29,0,27
48409.0,1506,0,82
48407.0,813,0,78
48399.0,101,0,48
48395.0,463,0,82
48393.0,120,0,60
48391.0,121,0,42
48389.0,223,0,38
48385.0,10,0,10
48383.0,36,0,19
48379.0,166,0,66
48377.0,30,0,21
48373.0,2542,0,78
48371.0,2291,0,70
48369.0,2277,0,57
48353.0,150,0,52
48345.0,63,0,63
51141.0,643,0,55
51145.0,1539,0,79
51149.0,4628,0,81
55093.0,1713,0,98
55091.0,32,0,32
55085.0,557,0,79
55083.0,1583,0,76
55078.0,138,0,75
55069.0,186,0,45
55067.0,83,0,25
55065.0,1020,0,69
55063.0,3204,0,89
55049.0,740,0,82
55047.0,658,0,63
55037.0,141,0,71
55035.0,4610,0,88
55033.0,1198,0,87
55031.0,968,0,87
55023.0,1023,0,75
55017.0,2615,0,87
55005.0,787,0,73
55003.0,150,0,76
54109.0,131,0,69
54105.0,223,0,78
54103.0,403,0,78
54097.0,373,0,81
55097.0,914,0,81
54095.0,201,0,69
55099.0,90,0,65
55109.0,3191,0,87
56041.0,926,0,74
56037.0,1526,0,83
56035.0,212,0,79
56033.0,1260,0,96
56031.0,25,0,25
56029.0,123,0,90
56027.0,132,0,66
56023.0,815,0,73
56017.0,488,0,81
56015.0,327,0,80
56011.0,325,0,72
56009.0,1425,0,79
56005.0,1836,0,87
56003.0,261,0,64
56001.0,912,0,82
55137.0,379,0,70
55129.0,96,0,62
55125.0,388,0,81
55123.0,609,0,52
55121.0,938,0,74
55119.0,43,0,25
55115.0,1863,0,72
55113.0,320,0,67
55107.0,307,0,73
54093.0,326,0,88
54091.0,487,0,70
54089.0,68,0,65
53043.0,157,0,92
53037.0,3260,0,100
53031.0,2279,0,101
53027.0,1011,0,95
53019.0,82,0,82
53015.0,4195,0,87
53013.0,95,0,95
53009.0,1473,0,88
53001.0,3845,0,84
51820.0,1723,0,76
51790.0,1723,0,72
51750.0,270,0,81
51735.0,508,0,81
51720.0,110,0,55
51678.0,362,0,73
51580.0,111,0,37
51530.0,592,0,73
51520.0,184,0,80
51185.0,444,0,78
51173.0,940,0,77
51167.0,371,0,70
51163.0,750,0,84
51157.0,566,0,69
53051.0,157,0,74
53055.0,1064,0,87
53059.0,216,0,80
53069.0,216,0,72
54085.0,48,0,43
54083.0,2953,0,77
54081.0,837,0,82
54075.0,602,0,49
54073.0,186,0,80
54065.0,959,0,78
54063.0,379,0,65
54055.0,796,0,89
54053.0,919,0,81
54051.0,1430,0,86
54047.0,401,0,69
48225.0,3399,0,57
54043.0,226,0,62
54029.0,921,0,80
54025.0,496,0,80
54023.0,400,0,64
54021.0,378,0,51
54015.0,153,0,40
54013.0,79,0,50
54011.0,3403,0,78
54009.0,238,0,69
54007.0,123,0,68
54005.0,486,0,68
53075.0,1341,0,85
54031.0,1408,0,76
20005.0,933,0,77
48223.0,947,0,82
48207.0,78,0,31
45087.0,2133,0,82
45073.0,2568,0,84
45009.0,1207,0,76
45001.0,2305,0,88
42121.0,603,0,78
42113.0,120,0,72
42105.0,380,0,87
42053.0,476,0,74
42039.0,1542,0,81
42033.0,1860,0,83
42023.0,120,0,79
41063.0,114,0,76
41061.0,393,0,87
41057.0,424,0,81
41055.0,71,0,71
41049.0,665,0,80
41041.0,1829,0,82
41037.0,46,0,19
41035.0,2726,0,100
41031.0,1553,0,62
41029.0,4102,0,100
41027.0,1241,0,84
41025.0,48,0,48
46003.0,713,0,80
41023.0,87,0,87
46009.0,391,0,96
46015.0,45,0,12
46071.0,78,0,22
46069.0,76,0,63
46067.0,267,0,79
46065.0,932,0,84
46061.0,29,0,12
46059.0,103,0,50
46057.0,230,0,79
46053.0,15,0,15
46051.0,381,0,40
46049.0,170,0,80
46047.0,199,0,78
46045.0,48,0,17
46043.0,101,0,49
46041.0,15,0,11
46039.0,79,0,79
46037.0,511,0,47
46033.0,14,0,11
46031.0,184,0,67
46029.0,1616,0,84
46027.0,1014,0,78
46025.0,200,0,78
46023.0,693,0,97
46017.0,548,0,48
46011.0,1006,0,83
46077.0,59,0,17
41019.0,1751,0,99
41015.0,333,0,70
40025.0,55,0,55
40011.0,217,0,42
40009.0,355,0,77
40007.0,1053,0,69
40005.0,140,0,74
40003.0,63,0,63
39161.0,320,0,79
39145.0,812,0,70
39131.0,332,0,79
39125.0,659,0,70
39121.0,329,0,67
39115.0,303,0,70
39105.0,245,0,69
39091.0,1791,0,84
39079.0,581,0,68
39069.0,645,0,68
39067.0,432,0,61
39051.0,2041,0,80
39047.0,1786,0,82
39031.0,1827,0,90
39005.0,957,0,89
38105.0,1203,0,76
38103.0,168,0,54
40029.0,79,0,27
41017.0,6884,0,96
40035.0,848,0,81
40043.0,152,0,69
41013.0,193,0,73
41011.0,1461,0,65
41009.0,1050,0,80
41007.0,1839,0,83
41001.0,42,0,40
40153.0,191,0,74
40151.0,187,0,59
40149.0,54,0,32
40127.0,121,0,49
40111.0,1381,0,81
40107.0,163,0,66
40103.0,520,0,85
40099.0,173,0,66
40095.0,332,0,69
40085.0,519,0,77
40075.0,335,0,74
40073.0,622,0,74
40069.0,189,0,62
40067.0,179,0,70
40063.0,43,0,17
40061.0,295,0,59
40059.0,58,0,58
40053.0,138,0,73
40039.0,1096,0,88
46081.0,734,0,80
46083.0,11904,0,82
46085.0,605,0,84
48065.0,230,0,58
48055.0,2523,0,79
48051.0,1243,0,79
48047.0,55,0,54
48045.0,44,0,44
48043.0,54,0,45
48035.0,312,0,61
48025.0,608,0,68
48023.0,12,0,10
48019.0,354,0,67
48017.0,560,0,41
48015.0,1280,0,82
48011.0,127,0,62
48009.0,47,0,31
48007.0,224,0,71
48003.0,1486,0,72
48001.0,3100,0,75
47183.0,1398,0,79
47181.0,2086,0,77
47179.0,4507,0,88
47177.0,986,0,77
47175.0,173,0,63
47173.0,262,0,79
48075.0,115,0,57
47171.0,784,0,81
48077.0,241,0,75
48081.0,51,0,41
48197.0,51,0,23
48187.0,6964,0,82
48175.0,444,0,74
48173.0,48,0,46
48171.0,261,0,74
48169.0,204,0,46
48165.0,322,0,82
48163.0,1638,0,68
48161.0,449,0,61
48159.0,525,0,78
48145.0,393,0,83
48133.0,336,0,82
48131.0,232,0,62
48129.0,1719,0,74
48127.0,65,0,65
48125.0,73,0,68
48119.0,80,0,68
48105.0,33,0,10
48097.0,718,0,66
48095.0,66,0,66
48089.0,1095,0,75
48087.0,169,0,41
48083.0,104,0,44
48079.0,53,0,53
47161.0,569,0,72
47153.0,644,0,75
47151.0,805,0,86
47031.0,3446,0,78
47029.0,1148,0,86
47027.0,411,0,75
47025.0,541,0,83
47023.0,763,0,85
47021.0,5375,0,89
47015.0,1147,0,81
46137.0,51,0,40
46135.0,2606,0,79
46129.0,310,0,64
46125.0,1193,0,78
46123.0,158,0,32
46119.0,64,0,64
46117.0,440,0,52
46115.0,271,0,74
46111.0,428,0,65
46109.0,1287,0,78
46102.0,853,0,68
46101.0,761,0,60
46097.0,88,0,66
46095.0,2,0,2
46091.0,155,0,77
46089.0,66,0,51
47039.0,343,0,68
47041.0,1778,0,83
47043.0,5953,0,87
47045.0,2961,0,88
47145.0,831,0,86
47143.0,5444,0,59
47139.0,858,0,74
47137.0,96,0,36
47135.0,930,0,85
47133.0,1158,0,83
47129.0,788,0,79
47127.0,198,0,61
47121.0,1129,0,81
47109.0,896,0,78
47103.0,1330,0,83
48211.0,72,0,72
47101.0,200,0,82
47091.0,714,0,79
47087.0,792,0,74
47083.0,431,0,85
47081.0,2763,0,75
47079.0,1323,0,78
47077.0,667,0,71
47069.0,7510,0,79
47067.0,29,0,27
47057.0,517,0,75
47055.0,693,0,77
47049.0,502,0,77
47095.0,18691,0,63
20003.0,37,0,37
56045.0,19,0,19
19195.0,139,0,68
17039.0,220,0,73
8081.0,446,0,79
17035.0,440,0,93
2290.0,74,0,74
17033.0,663,0,77
2275.0,9,0,7
2261.0,185,0,39
2240.0,155,0,73
2220.0,106,0,50
2198.0,129,0,65
2195.0,175,0,70
2188.0,59,0,26
17025.0,117,0,62
17023.0,530,0,77
17017.0,3098,0,56
17013.0,71,0,71
17009.0,387,0,45
17041.0,1489,0,82
18115.0,563,0,83
8079.0,154,0,78
17047.0,66,0,33
17101.0,227,0,69
8049.0,563,0,88
17095.0,4298,0,78
8053.0,212,0,86
8055.0,172,0,83
5001.0,235,0,78
8065.0,1503,0,76
17087.0,407,0,63
17071.0,367,0,59
17069.0,55,0,55
17065.0,114,0,58
17061.0,251,0,66
17059.0,133,0,71
17055.0,646,0,81
8071.0,271,0,73
8073.0,204,0,80
8077.0,3504,0,93
17045.0,17,0,17
5005.0,513,0,80
2185.0,18,0,18
17003.0,446,0,60
16065.0,1177,0,90
16063.0,1884,0,79
16059.0,51,0,51
16057.0,373,0,75
16055.0,4804,0,87
16051.0,470,0,82
16049.0,227,0,82
16047.0,1789,0,75
16045.0,1025,0,80
16043.0,208,0,82
16041.0,153,0,17
8099.0,522,0,67
18155.0,1235,0,79
16037.0,157,0,81
18161.0,1090,0,72
18165.0,568,0,79
16029.0,107,0,72
2013.0,6,0,6
2180.0,116,0,61
2016.0,37,0,11
18129.0,919,0,81
16087.0,1277,0,74
16085.0,171,0,85
2164.0,12,0,10
16081.0,711,0,93
2150.0,77,0,60
16077.0,245,0,69
2130.0,1299,0,90
16073.0,507,0,78
2110.0,2040,0,84
2100.0,6,0,6
2070.0,15,0,15
2060.0,26,0,16
8093.0,1089,0,87
18121.0,1140,0,73
5127.0,84,0,76
18125.0,228,0,64
2050.0,123,0,69
16067.0,2000,0,77
8103.0,73,0,73
17107.0,535,0,74
8043.0,1452,0,83
17193.0,106,0,56
17189.0,921,0,89
5089.0,81,0,66
17187.0,5377,0,65
18083.0,1624,0,78
5087.0,953,0,68
17185.0,204,0,70
5085.0,3089,0,81
5081.0,356,0,30
6033.0,886,0,70
5071.0,2566,0,79
5067.0,172,0,63
5063.0,1384,0,88
6035.0,139,0,23
5059.0,1593,0,83
6045.0,1237,0,89
5055.0,2252,0,88
6021.0,687,0,79
6049.0,2,0,2
18075.0,2033,0,75
6017.0,4627,0,86
5121.0,1386,0,81
5117.0,179,0,73
5129.0,495,0,88
5137.0,620,0,83
5109.0,278,0,83
5147.0,90,0,83
6003.0,129,0,77
5105.0,629,0,78
6005.0,554,0,87
5103.0,580,0,74
5101.0,189,0,77
5099.0,781,0,78
6009.0,997,0,83
6011.0,301,0,80
5097.0,68,0,48
18007.0,1149,0,64
6015.0,1204,0,74
5095.0,294,0,74
8047.0,162,0,67
6063.0,289,0,76
6091.0,24,0,24
17147.0,589,0,74
17145.0,1859,0,65
5025.0,1015,0,91
8021.0,83,0,39
17139.0,482,0,74
8023.0,335,0,80
17131.0,767,0,74
18101.0,570,0,72
5021.0,255,0,70
5019.0,2605,0,88
17129.0,909,0,78
17127.0,360,0,75
17125.0,864,0,72
17123.0,290,0,82
5009.0,368,0,88
17121.0,2635,0,77
8027.0,147,0,74
8017.0,186,0,39
5053.0,1068,0,88
5033.0,1025,0,83
5037.0,2266,0,83
6093.0,498,0,86
5049.0,239,0,53
6105.0,80,0,36
5047.0,181,0,70
6109.0,241,0,78
17175.0,120,0,68
17169.0,425,0,67
8007.0,545,0,77
8009.0,826,0,79
5041.0,1095,0,91
8011.0,68,0,36
17165.0,348,0,77
5039.0,98,0,72
17159.0,191,0,69
17155.0,32,0,30
17153.0,2105,0,67
17151.0,38,0,38
17149.0,75,0,72
16025.0,76,0,76
8095.0,619,0,77
19165.0,1493,0,79
19081.0,636,0,84
19079.0,1748,0,71
13079.0,1342,0,71
19075.0,941,0,72
19073.0,637,0,69
19071.0,133,0,38
19069.0,672,0,70
12093.0,3287,0,75
19159.0,118,0,27
19065.0,1379,0,86
19161.0,643,0,45
19063.0,541,0,33
19083.0,910,0,80
13265.0,46,0,43
19167.0,8602,0,85
19059.0,1290,0,80
13101.0,3233,0,70
19173.0,1389,0,79
12067.0,334,0,68
12059.0,929,0,77
12049.0,3807,0,75
19053.0,39,0,19
12045.0,135,0,75
12041.0,618,0,69
19175.0,262,0,66
13105.0,2990,0,73
13267.0,1035,0,85
12037.0,145,0,73
19151.0,450,0,49
16017.0,326,0,77
13043.0,669,0,78
19129.0,660,0,72
19125.0,1267,0,70
19133.0,1120,0,81
13023.0,1853,0,77
13047.0,5508,0,84
19119.0,1040,0,73
19109.0,394,0,85
19107.0,582,0,79
13211.0,2076,0,84
19105.0,1914,0,77
13053.0,3446,0,80
19085.0,1405,0,94
19101.0,1040,0,74
19097.0,568,0,77
19095.0,1661,0,80
13209.0,439,0,65
19093.0,390,0,34
12123.0,834,0,69
19143.0,1414,0,66
19145.0,639,0,81
19089.0,622,0,72
1057.0,729,0,77
19147.0,188,0,38
13201.0,2291,0,87
1061.0,1428,0,64
1045.0,4341,0,75
19041.0,906,0,76
19131.0,245,0,75
19185.0,65,0,45
19025.0,222,0,45
19191.0,1206,0,89
19197.0,4997,0,80
13147.0,1335,0,80
1105.0,1617,0,67
16003.0,191,0,76
19001.0,331,0,90
19003.0,166,0,29
13109.0,293,0,64
8111.0,42,0,40
15007.0,1596,0,93
15001.0,5011,0,90
8121.0,1247,0,81
19189.0,410,0,70
13309.0,531,0,79
8125.0,1191,0,89
13301.0,1000,0,77
13305.0,1029,0,72
8113.0,1410,0,87
19029.0,333,0,63
19015.0,2560,0,79
1113.0,7262,0,82
16011.0,520,0,87
19037.0,481,0,70
19035.0,998,0,55
19177.0,607,0,77
18179.0,1213,0,93
13169.0,2130,0,82
16009.0,282,0,21
13283.0,444,0,70
1083.0,5263,0,94
1079.0,2032,0,82
13125.0,39,0,39
51630.0,5874,1,82
55045.0,2544,1,87
26009.0,749,1,77
5061.0,1211,1,81
5083.0,356,1,70
37165.0,3271,1,85
48071.0,3764,1,83
5113.0,1041,1,88
16019.0,2465,1,79
47099.0,1636,2,77
47089.0,1732,2,94
17057.0,416,2,66
39087.0,1756,2,82
47185.0,1298,2,82
8105.0,1169,2,81
48153.0,415,3,68
28147.0,3095,3,88
54079.0,1899,3,86
17135.0,2039,3,78
33001.0,3310,3,89
42065.0,490,3,69
1075.0,1149,3,87
31173.0,1417,3,51
39027.0,2439,3,85
17073.0,3627,3,80
42093.0,3509,3,86
22059.0,2431,3,81
48191.0,48,4,26
27097.0,1475,4,57
13019.0,1879,4,77
47105.0,5488,4,85
48063.0,2287,4,75
46127.0,3500,4,80
51009.0,1312,4,85
5003.0,1281,4,78
23023.0,1689,4,86
21149.0,1108,5,71
19111.0,1122,5,72
37009.0,1302,5,72
31147.0,33,5,33
29199.0,318,5,69
31065.0,325,5,58
28127.0,4362,5,86
5017.0,907,5,81
40105.0,1419,6,79
46079.0,407,6,74
36025.0,4724,6,95
19141.0,1427,6,74
13295.0,5987,6,76
21123.0,476,6,80
21103.0,814,6,76
36003.0,2814,7,91
19051.0,796,7,47
1133.0,2913,8,80
41045.0,1221,8,76
26033.0,153,8,84
51155.0,862,9,73
18131.0,1946,9,70
27093.0,1697,9,77
48053.0,1847,9,82
19039.0,1715,9,71
48437.0,816,9,78
31051.0,1187,9,56
27143.0,559,9,81
27111.0,2414,10,78
54071.0,428,10,74
19019.0,1551,10,83
27151.0,608,10,69
31157.0,4189,10,78
46093.0,590,10,82
26101.0,829,10,83
48265.0,709,10,75
19181.0,5117,11,83
20067.0,674,11,52
48481.0,3324,11,82
37175.0,694,11,83
42047.0,304,11,69
54087.0,473,11,77
22021.0,2859,11,74
22123.0,1900,11,70
51063.0,248,11,67
30003.0,827,11,66
51077.0,1312,11,48
19027.0,563,11,95
23013.0,1242,12,84
12047.0,7131,12,70
17085.0,1403,12,85
48403.0,350,12,67
51083.0,1489,12,83
13179.0,3587,13,84
51101.0,1013,13,77
17067.0,691,13,68
1109.0,8216,13,82
20061.0,1042,13,71
12077.0,8327,13,66
13181.0,920,13,87
39119.0,2070,13,81
5065.0,695,13,70
6007.0,2226,14,86
36075.0,5607,14,84
31059.0,238,14,54
16005.0,1425,14,83
4011.0,265,14,77
19091.0,634,14,55
13289.0,725,15,85
42059.0,1895,15,82
13123.0,6232,15,77
45023.0,3438,15,84
21217.0,621,16,78
13191.0,623,16,77
21179.0,2009,16,93
48031.0,499,16,82
48111.0,1049,16,69
12075.0,1998,16,80
12063.0,8626,17,88
5131.0,2181,17,88
22085.0,1932,17,78
45081.0,5909,17,88
27013.0,5528,17,91
13011.0,3291,17,77
5015.0,984,17,75
12125.0,1140,17,76
13259.0,2274,18,76
35039.0,2053,18,82
56025.0,4220,18,87
37007.0,2838,18,76
29007.0,2238,18,57
51193.0,2734,18,73
51097.0,541,18,76
40023.0,1761,18,80
39159.0,2285,18,87
46121.0,996,19,80
48315.0,820,19,60
45049.0,1921,19,74
20085.0,2669,19,85
27023.0,1541,20,56
5031.0,9772,20,88
40089.0,2025,20,73
24011.0,10283,20,86
13233.0,5595,20,101
27153.0,8347,20,64
49005.0,12658,21,89
21073.0,2147,21,89
19023.0,721,22,80
28063.0,1889,22,80
21051.0,241,22,57
19137.0,294,22,80
36099.0,2981,22,76
27083.0,2741,23,76
48151.0,58,23,31
46013.0,10048,23,85
32019.0,2951,23,82
48193.0,422,23,69
55141.0,441,23,91
51109.0,4025,24,85
37073.0,906,24,74
28077.0,4409,24,87
37093.0,9436,24,89
19055.0,715,24,69
26129.0,1145,24,81
23003.0,430,24,73
48287.0,692,24,74
54041.0,326,24,70
48367.0,3537,25,83
54057.0,1820,25,73
13183.0,569,25,82
1035.0,1614,25,75
13159.0,1906,25,83
51670.0,3698,25,79
19033.0,1474,25,85
18153.0,1567,26,83
51137.0,4048,26,82
22065.0,3820,26,81
8109.0,2011,26,76
55095.0,792,26,66
39065.0,2454,26,74
21169.0,195,27,48
28137.0,4113,27,85
27065.0,420,27,45
40091.0,455,27,59
20093.0,1802,27,64
5123.0,23266,27,77
28159.0,5078,28,88
29143.0,981,28,74
42087.0,2968,28,78
39001.0,463,28,72
38071.0,437,28,87
42013.0,2259,28,81
19117.0,409,28,29
56007.0,723,28,86
47097.0,2435,28,75
42057.0,605,29,71
1009.0,3189,29,82
42123.0,165,29,82
29135.0,2565,30,84
21009.0,2002,30,76
1043.0,6251,31,87
51025.0,1358,31,76
45011.0,2081,31,77
6043.0,692,31,48
51031.0,943,32,76
19187.0,1684,32,80
17191.0,348,32,59
48239.0,875,32,81
17103.0,3585,32,72
18077.0,2342,32,76
13017.0,3157,32,83
55013.0,36,32,32
39059.0,1602,32,74
42111.0,2036,33,83
13317.0,1756,33,82
13271.0,1906,33,74
22043.0,1593,34,84
47007.0,32060,34,79
29163.0,982,34,77
29159.0,3486,34,80
55041.0,729,34,40
27079.0,2449,34,85
31053.0,16250,34,82
53049.0,431,34,66
40141.0,947,34,72
19009.0,516,34,77
48323.0,4195,35,82
13049.0,1351,35,97
51067.0,1914,35,86
54067.0,459,35,69
4009.0,1387,36,93
31141.0,21800,36,79
19067.0,574,36,45
5115.0,6195,36,88
54077.0,1112,37,83
48101.0,174,37,49
8067.0,4793,37,84
1103.0,11258,37,83
37185.0,2500,37,72
1031.0,10313,37,74
23009.0,654,38,75
40079.0,785,38,79
31155.0,1509,38,83
26135.0,372,38,76
1007.0,3514,38,77
37033.0,2938,38,78
51133.0,1009,39,79
39163.0,752,39,48
35057.0,1806,39,77
42083.0,562,39,79
19031.0,2688,39,83
36117.0,6144,40,88
5051.0,8768,40,92
18175.0,3120,40,86
47119.0,4738,40,87
18123.0,1905,40,66
27087.0,243,40,80
2122.0,2507,40,89
39127.0,999,41,76
37099.0,1444,41,63
37141.0,3109,41,71
17011.0,911,41,80
48317.0,191,41,81
27099.0,10982,41,88
55015.0,2854,41,88
48059.0,378,41,69
39071.0,1096,42,83
51113.0,1626,42,82
29195.0,12884,44,73
20161.0,3603,44,87
12089.0,4386,44,97
18147.0,895,44,74
18103.0,7109,44,86
19021.0,23022,45,69
21039.0,190,45,53
33009.0,4658,45,105
23019.0,5523,45,89
17001.0,2650,45,87
13213.0,3937,45,79
26063.0,2174,45,80
21011.0,405,46,74
48093.0,415,46,75
18049.0,2196,46,80
22039.0,4863,46,86
26001.0,564,46,61
35029.0,493,46,66
51640.0,4238,46,80
48213.0,2723,46,78
13119.0,3055,46,81
37145.0,2235,47,80
28003.0,911,47,77
17183.0,1771,47,75
40049.0,1105,47,87
40083.0,1133,47,88
17173.0,752,47,69
1005.0,5937,47,73
51005.0,771,48,78
18051.0,767,48,83
5093.0,3124,48,74
55081.0,1073,48,82
13281.0,1366,48,73
27067.0,18886,48,81
30031.0,11349,48,94
45069.0,6140,48,86
39117.0,4886,49,75
20115.0,416,49,73
40019.0,1245,49,82
20027.0,291,49,80
12029.0,1675,49,72
13241.0,1051,49,76
31151.0,19958,49,62
20009.0,1685,50,76
32023.0,3175,50,87
13111.0,2384,50,83
20175.0,38809,50,69
41065.0,1298,50,81
1115.0,6485,50,90
55071.0,1434,50,72
6103.0,215,50,73
53045.0,2074,50,90
5073.0,521,50,73
19045.0,3709,50,80
42119.0,3106,50,77
19149.0,4936,51,73
48285.0,623,51,89
37111.0,3071,51,82
29221.0,571,51,68
23007.0,1901,51,81
13065.0,2252,51,85
40119.0,3250,51,92
47085.0,764,51,76
17083.0,1125,51,73
35003.0,115,51,75
46073.0,1057,52,67
8089.0,867,52,82
48331.0,1472,52,82
29165.0,3564,53,82
47005.0,461,53,81
5149.0,4689,53,71
21027.0,846,53,79
27045.0,1095,53,87
56039.0,6791,53,89
54001.0,462,53,75
6027.0,1409,53,82
28031.0,6767,53,79
13039.0,3070,53,83
47053.0,3411,54,85
5091.0,2739,54,76
29145.0,1304,54,82
51035.0,3526,54,76
13155.0,1533,54,83
29111.0,354,54,58
1039.0,3775,54,80
51181.0,435,55,76
51143.0,1651,55,81
51007.0,1376,55,81
48337.0,509,55,80
51197.0,1194,55,78
8019.0,1053,55,94
48305.0,445,55,79
19169.0,4963,55,86
13187.0,4567,55,86
51073.0,1916,55,87
51079.0,1338,55,81
51680.0,4447,55,81
48123.0,1139,55,88
51121.0,4267,55,79
31159.0,1138,55,71
40013.0,1182,55,82
47017.0,1533,56,86
32001.0,370,56,63
49003.0,1906,56,89
5145.0,2756,56,83
48179.0,4611,56,75
35037.0,260,56,65
26051.0,1016,56,85
28005.0,2734,56,79
51840.0,6936,56,78
21055.0,313,56,74
25007.0,1683,56,82
26011.0,1711,56,76
1029.0,1003,57,82
27095.0,680,57,60
47071.0,758,57,83
42035.0,2528,57,73
5011.0,1072,57,89
20079.0,730,57,80
54027.0,1033,57,68
55007.0,243,58,88
28041.0,841,58,70
55077.0,263,58,77
17117.0,2381,59,74
28135.0,1239,59,84
13161.0,1631,59,70
47035.0,6138,59,88
51127.0,1909,59,79
37083.0,7191,59,78
35061.0,3846,60,80
22091.0,2482,60,76
29075.0,943,60,70
50021.0,3500,60,87
48217.0,1345,60,77
13303.0,3660,60,84
17005.0,589,60,78
50023.0,2636,60,93
48181.0,11162,60,83
19057.0,2496,60,81
28153.0,6648,60,74
47033.0,685,61,58
47019.0,988,61,79
48107.0,159,61,69
47013.0,1145,61,93
21137.0,443,61,74
48503.0,349,61,80
47159.0,1670,61,80
39171.0,2556,61,74
37171.0,6998,61,80
13239.0,535,61,73
47061.0,2038,62,83
55001.0,286,62,74
2170.0,1627,62,84
5077.0,2312,62,75
55061.0,1559,62,70
48185.0,5807,62,82
40093.0,296,62,73
45047.0,5970,63,86
56019.0,1144,63,81
29013.0,528,63,86
31177.0,1959,63,84
51019.0,2807,63,85
55053.0,981,63,77
54069.0,2515,63,82
48273.0,788,63,78
53065.0,723,63,87
1021.0,5119,63,82
1037.0,2171,63,81
5007.0,22444,63,88
29115.0,424,63,73
18001.0,795,64,97
12129.0,1802,64,78
38101.0,2250,64,96
54059.0,273,64,64
55057.0,1234,64,82
51620.0,1826,64,76
54045.0,989,64,82
17063.0,4452,64,83
56043.0,1193,64,80
37079.0,3144,64,80
18025.0,1427,64,79
5107.0,711,64,71
24039.0,3082,65,86
13107.0,1544,65,76
27141.0,8525,65,84
48227.0,402,65,66
55073.0,2327,65,87
41033.0,1643,65,86
18119.0,2005,66,88
39021.0,1342,66,83
13175.0,5454,66,88
26029.0,1088,66,94
51015.0,4807,66,75
40047.0,1433,66,78
47117.0,1720,66,77
48451.0,4019,66,82
5043.0,1117,66,82
13163.0,1676,67,77
20191.0,363,67,81
20035.0,482,67,74
13307.0,673,67,76
46087.0,350,67,94
42061.0,9077,67,79
39063.0,2868,67,85
13127.0,5989,67,88
5057.0,821,67,78
8091.0,431,67,72
17049.0,389,67,73
48115.0,2020,67,78
48499.0,1345,67,75
17199.0,3020,67,89
51036.0,1351,67,89
8029.0,3321,68,83
50003.0,3852,68,100
4007.0,1482,68,79
27019.0,7504,68,99
50015.0,1960,68,82
39135.0,1963,68,77
29113.0,4310,68,80
26117.0,3473,69,95
17053.0,936,69,76
21035.0,2660,69,87
18013.0,1703,69,83
38029.0,155,69,71
45065.0,491,69,74
37113.0,2321,69,74
40021.0,1988,69,80
20011.0,503,69,84
28039.0,1236,69,86
27119.0,2753,69,72
19011.0,2346,69,82
13249.0,1111,70,77
29027.0,1852,70,84
36011.0,4335,70,84
54033.0,2542,70,83
29186.0,631,70,76
48147.0,1731,70,87
55021.0,2573,70,88
13103.0,3378,71,88
6115.0,1684,71,86
21151.0,2826,71,86
47011.0,6496,72,87
51775.0,1676,72,74
32007.0,1361,72,88
48293.0,1260,72,82
48069.0,1685,72,86
6079.0,15974,72,93
27021.0,566,72,84
13199.0,4672,72,83
26031.0,1338,72,78
37017.0,4355,72,73
40077.0,354,72,80
30063.0,2805,72,93
29035.0,288,72,81
12039.0,11217,73,82
51183.0,5245,73,75
29051.0,3874,73,90
45071.0,2770,73,86
48219.0,1587,73,87
27025.0,2195,73,87
48143.0,1124,73,82
18099.0,5090,73,81
13083.0,1451,73,77
6057.0,3118,73,91
37055.0,1108,73,74
1067.0,3004,74,73
39083.0,1388,74,84
1127.0,14099,74,88
40137.0,1918,74,82
40065.0,1298,74,93
29169.0,2649,75,87
33019.0,1036,75,85
28037.0,1439,75,87
5133.0,6748,75,88
16031.0,2635,76,83
45017.0,764,76,90
35035.0,10507,76,75
31019.0,7985,76,87
12043.0,1753,76,78
18171.0,766,76,81
39015.0,1301,76,77
28097.0,3787,76,85
6051.0,2234,76,83
37039.0,1311,76,85
48449.0,13681,76,73
48103.0,681,76,88
13291.0,2241,76,75
20037.0,517,77,82
39009.0,681,77,81
53071.0,5799,77,105
21157.0,2066,77,77
5125.0,5790,77,92
30057.0,626,77,88
48257.0,9601,77,82
1019.0,1724,77,82
38049.0,118,77,81
39077.0,2767,78,89
48467.0,1549,78,88
18021.0,2115,78,78
54037.0,7985,78,90
47115.0,2390,78,85
39039.0,1780,78,86
47051.0,2794,78,85
39141.0,3433,78,77
48067.0,1371,79,87
18159.0,1418,79,85
29029.0,2545,79,84
42109.0,2475,79,79
37027.0,5840,79,82
47001.0,2302,79,87
51590.0,2878,79,84
48013.0,1753,80,82
1041.0,2967,80,81
30053.0,541,80,81
4023.0,13473,80,88
39075.0,1486,80,77
13003.0,1727,80,70
26113.0,983,80,81
27171.0,10662,80,94
47131.0,1544,80,78
55051.0,145,80,80
13091.0,2456,80,82
49051.0,14415,80,91
18009.0,1056,80,74
17137.0,2214,80,82
17105.0,1799,81,85
48205.0,481,81,56
19121.0,1011,81,75
17203.0,1130,81,93
55011.0,341,81,76
6023.0,5504,81,116
26053.0,328,81,81
18073.0,3206,81,82
45053.0,1985,82,86
48359.0,248,82,86
35015.0,1251,82,82
42097.0,8863,82,80
5029.0,844,82,83
13195.0,2384,83,84
39053.0,492,83,85
13263.0,1927,83,77
48195.0,775,83,69
19087.0,3216,84,86
48149.0,1805,84,82
1027.0,1654,85,82
5135.0,1638,85,74
37143.0,1170,85,79
40081.0,1191,85,81
42031.0,1610,86,79
48401.0,2818,86,89
40115.0,2234,86,81
55135.0,1484,86,80
36017.0,7538,86,89
21077.0,894,86,65
21005.0,877,86,86
48357.0,1920,87,52
13171.0,3179,87,87
31093.0,1669,87,60
13085.0,5394,87,87
26015.0,3309,87,86
48361.0,5396,88,82
51175.0,7303,88,81
5027.0,1029,88,83
8025.0,2151,88,88
45033.0,6710,88,86
13197.0,2810,88,73
56021.0,10835,89,90
48073.0,1923,89,80
47075.0,1697,89,78
46103.0,7121,89,84
47113.0,9535,89,83
48489.0,1185,89,80
45021.0,1971,89,74
17177.0,7550,90,85
19047.0,17717,90,77
13075.0,2207,90,77
36043.0,5702,90,95
22083.0,6212,91,84
40033.0,359,91,77
21017.0,733,91,93
18071.0,17299,91,83
51187.0,6703,91,81
29019.0,8969,92,90
42009.0,1937,92,76
13235.0,2181,92,83
35005.0,2326,93,84
18037.0,6831,93,84
51169.0,410,93,66
47047.0,6013,93,86
51029.0,17881,93,76
21003.0,2906,93,85
53047.0,2469,94,82
39081.0,3527,94,81
19077.0,2017,94,77
21093.0,4755,95,85
37163.0,16763,95,90
1025.0,5278,95,75
12023.0,6788,96,85
51033.0,2927,96,73
39149.0,2467,96,80
13165.0,1289,96,79
5111.0,1782,97,88
18169.0,3609,97,79
37197.0,6130,98,78
51195.0,1459,98,73
27015.0,764,98,76
4003.0,4158,98,86
46035.0,798,99,97
36009.0,4280,99,79
45037.0,2487,100,86
55027.0,9162,100,84
29187.0,2140,100,84
47155.0,4916,100,91
13173.0,1117,101,75
48241.0,1554,101,74
28021.0,3559,101,78
26149.0,5194,101,77
27009.0,6300,101,91
1099.0,1900,101,79
53067.0,9152,101,96
29107.0,4000,102,84
47147.0,19853,102,89
55075.0,1339,102,80
13311.0,5042,102,82
12013.0,2164,103,76
55055.0,4716,103,87
48291.0,4355,103,82
53003.0,1112,104,73
51089.0,4035,104,77
13251.0,1835,104,76
18015.0,3877,104,80
21163.0,1006,104,74
47167.0,18723,104,87
54019.0,1967,104,69
39019.0,1706,105,85
27131.0,15071,105,89
13257.0,6374,105,83
18151.0,3735,105,78
48363.0,623,105,74
8039.0,2663,106,86
35049.0,8593,106,96
47123.0,2686,107,86
31037.0,23423,107,74
39147.0,1162,107,82
40123.0,880,107,84
16039.0,2017,107,77
48099.0,12359,107,82
16075.0,1269,108,82
27139.0,14645,108,88
26035.0,949,108,86
41059.0,5536,108,96
47163.0,3853,108,97
4012.0,3575,109,81
26127.0,3120,109,81
28065.0,3361,109,67
29031.0,3969,109,83
28019.0,1853,111,83
27049.0,2741,111,82
29021.0,26891,111,80
48005.0,8385,111,81
24041.0,4098,111,91
29213.0,817,112,84
13005.0,4393,112,78
29047.0,8630,114,84
48405.0,1745,114,75
8117.0,11458,114,94
21185.0,3674,114,85
30013.0,1188,114,86
42099.0,2722,115,79
48177.0,4405,115,75
28043.0,4100,115,86
37045.0,4590,115,82
54107.0,2921,115,83
30029.0,2726,117,88
13055.0,1223,117,85
31153.0,23085,118,90
13167.0,4071,118,77
13149.0,1337,118,87
48485.0,5484,119,89
38035.0,16682,119,77
40087.0,4990,119,88
37147.0,14169,119,87
18087.0,4297,119,80
37091.0,4094,120,82
18183.0,1984,120,80
39157.0,13829,120,93
42117.0,1112,120,79
36089.0,11969,120,85
37133.0,5014,120,95
39033.0,5122,120,83
27035.0,2671,121,75
28117.0,2538,121,82
40133.0,1231,121,78
12133.0,2018,121,81
18033.0,2114,121,82
21195.0,1341,122,71
29207.0,3330,122,81
45077.0,6971,122,87
26041.0,1031,122,77
50001.0,4532,122,87
13253.0,2426,122,83
23001.0,10762,122,95
26107.0,1204,123,81
12007.0,3151,123,85
37149.0,1932,124,79
30111.0,6178,125,94
51147.0,5293,125,95
31111.0,2558,125,89
29069.0,1977,125,87
47063.0,1805,126,87
21125.0,1243,126,82
29083.0,616,126,94
48325.0,4181,127,89
42021.0,2765,127,84
18139.0,3120,127,82
13031.0,3282,128,79
13025.0,2397,128,70
40051.0,3996,128,88
36109.0,10417,128,93
28111.0,2494,128,89
37105.0,18072,128,85
18069.0,1345,128,80
45025.0,7536,129,83
28101.0,10521,129,83
51730.0,4964,129,77
42067.0,5703,130,83
53035.0,11551,131,99
13231.0,2987,131,79
13143.0,2396,131,81
19135.0,1170,131,43
18163.0,13028,132,87
26165.0,797,132,86
45005.0,1556,132,75
17015.0,801,132,79
38089.0,3798,133,82
18149.0,1762,133,83
18045.0,988,134,81
20169.0,1614,134,77
40031.0,12074,135,81
45075.0,8820,135,87
19043.0,1517,135,81
18023.0,8318,136,80
35013.0,19755,136,87
33005.0,3029,136,87
53017.0,7554,136,84
22115.0,1544,137,83
2090.0,6200,137,91
47059.0,3102,137,87
18085.0,5809,137,80
17051.0,1181,138,79
39175.0,2030,138,81
16053.0,6949,138,77
47073.0,2128,138,82
26043.0,302,138,74
51199.0,4160,138,91
26023.0,5843,138,76
37103.0,1226,138,67
13269.0,1260,139,82
21199.0,3383,139,88
51069.0,14218,139,82
8003.0,2811,139,80
38059.0,2982,140,89
54049.0,3262,140,82
1053.0,2820,140,80
21145.0,4738,141,83
37157.0,3626,141,76
37117.0,2574,141,76
22127.0,5747,143,82
5141.0,2156,144,88
20125.0,1255,144,78
8045.0,7942,144,92
6101.0,2756,145,82
12065.0,1803,145,72
8063.0,1546,145,81
1033.0,6464,146,82
17141.0,9786,146,76
37059.0,3957,146,85
24019.0,6077,147,75
51540.0,5419,147,90
37153.0,6448,147,69
28161.0,3853,148,81
26047.0,1592,148,85
26079.0,1425,148,83
28143.0,2990,149,86
39139.0,9145,149,88
28155.0,2677,149,85
48349.0,2704,150,80
8119.0,2052,150,84
17075.0,5363,150,80
32510.0,4378,151,95
40117.0,2252,151,90
28061.0,6373,151,75
27105.0,66313,151,66
13061.0,2071,151,77
28029.0,12599,152,94
1011.0,5797,152,81
55029.0,1647,153,77
40121.0,2228,153,80
26027.0,3682,153,80
48021.0,9047,153,86
21141.0,5107,154,84
39073.0,2514,155,65
21101.0,5588,156,88
8075.0,24909,156,84
50027.0,3313,156,93
48497.0,2073,157,77
41039.0,4360,157,90
48355.0,12958,157,83
6031.0,35227,158,80
28115.0,2051,158,85
1049.0,10534,158,81
8097.0,4429,159,96
36013.0,3737,159,82
48057.0,2237,160,81
12079.0,3665,160,75
28107.0,3821,160,86
18135.0,2872,161,80
45059.0,3480,161,79
13007.0,1921,162,83
1071.0,4307,162,87
6069.0,4776,163,94
22113.0,3092,163,81
55103.0,821,163,80
26091.0,8565,163,82
45035.0,8831,164,88
21213.0,2506,164,83
51161.0,4822,165,82
36039.0,11820,165,92
51159.0,11980,165,73
6039.0,5780,166,100
48209.0,17387,166,93
51650.0,10226,167,81
17157.0,12650,168,77
1121.0,5645,168,89
20111.0,19209,168,84
28093.0,4297,169,87
5045.0,6483,170,89
6087.0,11572,170,100
49011.0,26042,170,101
1063.0,4638,171,80
37193.0,17581,171,76
28163.0,12481,171,88
19007.0,524,171,81
44005.0,12426,172,82
53025.0,14980,173,94
47125.0,13535,173,88
50025.0,5178,174,86
48387.0,2037,174,60
22025.0,5092,174,87
1015.0,8539,175,89
37187.0,1713,175,78
37123.0,4727,175,83
8083.0,1952,175,78
1087.0,3702,176,78
37015.0,5039,176,82
28025.0,5033,178,86
29155.0,3608,179,83
1107.0,5093,179,82
18143.0,5291,179,85
51093.0,7280,180,86
39011.0,3247,180,79
45043.0,4096,180,84
55139.0,10632,180,93
42085.0,5618,181,85
47169.0,62848,181,79
27167.0,731,181,81
55117.0,4986,182,94
6055.0,6252,184,110
36057.0,4580,185,92
35053.0,2925,187,96
28103.0,7483,187,83
1077.0,6816,188,87
26067.0,6794,188,81
18157.0,16825,188,88
20057.0,70235,188,90
32013.0,3924,189,79
37127.0,9291,189,85
28133.0,4734,189,85
1047.0,10132,189,82
51023.0,2150,189,86
12005.0,5720,191,86
51191.0,2912,192,81
13087.0,8275,192,82
21143.0,983,193,90
51830.0,2365,193,90
53041.0,2211,193,92
46005.0,8283,195,97
28027.0,5986,195,89
51685.0,11209,196,78
37031.0,2269,196,87
13227.0,2398,196,87
13219.0,5694,197,87
36121.0,4785,197,90
21019.0,2453,197,78
47111.0,5803,197,81
40135.0,954,198,81
21047.0,6928,198,88
53039.0,1659,199,93
48251.0,8901,199,88
51600.0,2678,199,66
48231.0,4481,199,82
48183.0,10526,200,96
21227.0,41461,201,89
36051.0,6092,201,89
51165.0,22925,201,85
51179.0,29373,201,91
48221.0,1567,201,80
55019.0,1772,202,81
21081.0,2109,202,79
40017.0,7582,202,91
47003.0,14191,203,82
26005.0,10154,204,86
51595.0,3195,204,73
42049.0,11659,205,87
13229.0,5208,205,84
21207.0,1364,206,76
49037.0,11219,206,79
31067.0,2618,207,74
12003.0,1754,207,92
42005.0,3579,207,83
47009.0,5124,207,87
39107.0,7376,209,82
37129.0,9336,209,89
40001.0,4745,210,82
13131.0,5202,213,76
31119.0,13676,213,84
45067.0,3204,215,82
13145.0,5274,216,84
28071.0,7131,216,87
28013.0,3678,218,82
40139.0,32705,218,78
31041.0,1997,218,70
51099.0,3068,218,81
55111.0,4396,219,88
12107.0,8096,219,86
37035.0,8792,220,86
21211.0,6029,220,79
36053.0,15848,220,85
21029.0,5424,221,80
13225.0,4031,222,88
36091.0,27842,223,100
13157.0,8742,223,82
12035.0,9784,225,85
36123.0,1614,225,74
13279.0,2912,225,81
13319.0,3027,225,76
42015.0,2531,225,83
36037.0,11034,226,87
28073.0,10758,227,84
1001.0,8356,227,83
22011.0,3942,228,86
48493.0,2243,231,82
28145.0,3355,234,86
1023.0,5698,234,81
39023.0,10238,235,89
12087.0,6590,236,87
42125.0,8489,238,94
17037.0,15651,238,86
37167.0,3360,238,87
44001.0,10719,239,82
37019.0,5443,240,93
51061.0,13043,240,81
6097.0,26843,241,110
19005.0,6294,242,92
1129.0,3333,242,87
1059.0,19454,242,84
36019.0,5427,244,90
48189.0,2633,245,82
39025.0,9425,246,86
39045.0,13504,247,83
49057.0,14990,247,97
35006.0,6396,248,83
1069.0,9511,251,84
13033.0,6342,251,84
18181.0,8940,251,79
48027.0,18283,252,94
40097.0,1845,252,83
12131.0,5305,254,89
37049.0,7496,254,93
42027.0,8322,255,87
26039.0,3319,255,80
48423.0,12305,255,94
42051.0,5808,257,85
42131.0,1768,257,72
13029.0,4088,257,83
4025.0,13584,257,88
40125.0,3494,258,82
48199.0,7729,260,82
40131.0,4402,260,78
22029.0,3757,263,76
17179.0,3746,263,81
5139.0,6757,263,83
19017.0,3494,264,74
36015.0,8161,266,83
48419.0,9587,266,80
48309.0,7500,267,89
13185.0,15697,268,96
18177.0,9445,269,88
1065.0,6499,271,77
19155.0,10358,272,98
27061.0,2036,272,77
13193.0,5429,272,83
31047.0,38660,272,85
45057.0,8398,274,96
51610.0,2379,275,63
1131.0,6611,276,82
48135.0,8308,276,78
51047.0,24552,276,85
5075.0,4163,276,83
42063.0,5026,277,81
37097.0,12732,278,90
55039.0,9295,280,96
26159.0,6459,280,82
54003.0,14803,280,83
13189.0,3568,281,81
6089.0,2444,281,98
1119.0,8652,281,77
51075.0,5503,283,90
51770.0,7223,285,80
5143.0,22769,285,89
13221.0,3381,285,76
39057.0,4834,286,85
22067.0,5549,288,82
1089.0,20404,288,90
12053.0,7248,288,88
48381.0,28808,289,80
19123.0,2918,290,81
37107.0,8623,291,82
1091.0,6695,293,81
47141.0,18802,294,86
27103.0,2784,295,90
51177.0,21446,297,93
55087.0,9238,297,91
48441.0,19468,298,80
28151.0,8430,299,86
17109.0,3321,300,65
51003.0,9325,302,86
51710.0,22314,303,87
26057.0,2853,304,80
13133.0,4013,305,83
12091.0,12799,306,100
12073.0,19662,306,89
2020.0,14749,306,95
28087.0,8418,306,86
13037.0,7309,309,81
5023.0,5854,310,91
56013.0,12521,310,94
54061.0,8137,311,88
50011.0,6601,312,86
26151.0,2563,312,82
1051.0,13938,312,94
20055.0,57559,314,78
28149.0,7572,315,78
17181.0,5530,315,61
31109.0,45720,315,87
48321.0,4715,316,91
8107.0,4063,317,94
48469.0,9605,318,83
51065.0,5184,318,85
13073.0,12955,319,89
48277.0,5810,319,82
41003.0,3163,322,91
18065.0,7023,322,80
12001.0,22590,323,97
6047.0,13586,323,83
28057.0,4233,324,86
45031.0,12804,324,87
28053.0,2623,325,87
42001.0,11777,327,89
47093.0,22004,331,95
27091.0,6982,332,90
12109.0,16723,333,96
29201.0,5454,333,87
17079.0,2551,333,72
51683.0,38045,333,82
26055.0,1736,334,85
39111.0,2469,334,71
19115.0,18667,335,73
39097.0,6433,336,84
21061.0,2617,339,76
18079.0,7133,339,89
18041.0,4704,340,89
12083.0,13920,345,86
19179.0,19655,345,84
37071.0,14237,349,89
20103.0,47290,349,89
17021.0,2237,350,87
18017.0,75799,351,76
13081.0,12374,351,83
21059.0,16704,351,88
36077.0,4550,354,84
21177.0,22139,355,83
8051.0,12090,356,97
48117.0,6132,357,86
22081.0,2382,357,78
19157.0,4410,358,85
15009.0,8009,358,92
51081.0,5483,361,78
22119.0,8247,362,88
28015.0,5236,363,78
5079.0,50563,363,91
40101.0,2622,363,85
42127.0,7285,364,101
37139.0,4712,364,87
28081.0,7807,365,87
18137.0,7226,366,85
55131.0,11168,367,89
16013.0,37440,368,93
18133.0,6806,368,85
45091.0,20455,374,90
21085.0,5665,374,82
13207.0,4499,379,87
48049.0,2731,380,87
37161.0,9484,384,77
13237.0,4049,385,75
37065.0,9295,387,79
28033.0,27403,387,89
28123.0,28760,388,88
28079.0,18991,389,86
47189.0,21623,391,88
1111.0,6495,395,80
30101.0,2026,397,81
22053.0,4806,397,82
28069.0,6107,400,80
12027.0,6898,400,85
48397.0,7478,400,81
17019.0,24386,401,85
13313.0,14483,402,90
28121.0,19625,402,87
26045.0,10837,403,88
20177.0,13889,403,82
1003.0,15159,404,93
13077.0,20025,406,93
17029.0,4405,407,69
28091.0,5639,408,84
19103.0,34841,411,99
45003.0,9349,413,87
26111.0,5182,413,88
39123.0,4108,414,79
31001.0,13507,414,89
16027.0,18748,416,87
24047.0,8538,417,87
40037.0,5920,419,82
26007.0,4914,420,65
37125.0,9075,426,89
1085.0,9243,426,81
41053.0,5112,427,96
17143.0,10513,427,91
22041.0,14810,428,79
28047.0,14736,428,90
45029.0,4284,429,85
40071.0,3742,431,92
40055.0,4318,431,75
39043.0,6823,434,86
21031.0,11095,436,79
48091.0,5337,437,83
28129.0,6868,439,87
36115.0,11719,439,89
26069.0,4042,441,82
22125.0,10580,445,80
5035.0,17668,446,88
54099.0,5772,452,67
22049.0,4518,456,82
26073.0,4507,458,83
13027.0,3894,459,78
45089.0,9528,459,82
29037.0,5104,460,91
17113.0,10417,464,87
23011.0,7573,464,90
19127.0,41034,466,80
27145.0,77190,466,95
19163.0,18835,467,85
17099.0,6657,470,89
42073.0,4863,470,82
37077.0,15945,472,85
1095.0,32777,473,82
28105.0,8889,477,85
47107.0,6385,478,85
20031.0,3477,478,80
19183.0,10967,479,89
6053.0,24399,481,90
51001.0,34617,482,87
53007.0,11414,482,103
37151.0,26866,484,83
39143.0,3452,485,84
41071.0,3929,485,92
13247.0,15645,485,88
22009.0,6965,486,86
18167.0,7439,488,87
39089.0,12139,488,86
36035.0,8626,491,87
12061.0,8037,493,88
37061.0,27543,493,82
45039.0,7174,494,91
40015.0,6889,496,80
13285.0,15984,502,91
12085.0,27979,503,88
48215.0,30846,504,83
39041.0,16315,505,89
55043.0,4081,510,82
37131.0,7914,517,82
24035.0,6675,519,84
42081.0,7455,519,82
51570.0,4320,520,66
45007.0,13762,523,92
28007.0,12520,525,86
1125.0,30270,526,94
22069.0,7486,526,84
12055.0,7120,527,86
48341.0,30900,528,77
41043.0,7133,530,96
28157.0,5167,532,88
37195.0,16374,533,92
28113.0,10984,533,87
23031.0,19897,535,90
51740.0,14034,537,87
17195.0,6913,538,92
51700.0,13055,538,87
22027.0,4080,541,86
27109.0,28907,542,96
13217.0,17428,544,92
8037.0,41410,547,101
26137.0,6515,547,90
1093.0,6565,548,86
40113.0,5809,548,82
31081.0,3145,548,74
13001.0,6754,551,77
22007.0,14343,555,88
12051.0,15356,557,79
12113.0,13066,559,102
13297.0,11372,560,79
18107.0,9561,563,83
9015.0,18100,563,88
19099.0,12367,566,83
37057.0,18708,566,87
1013.0,14859,569,82
24043.0,20851,571,86
18111.0,4092,572,79
17077.0,11291,574,89
4027.0,43618,576,87
42019.0,14114,576,86
28011.0,8656,578,89
21015.0,18763,579,81
48039.0,46087,581,93
37067.0,48978,581,95
26103.0,3239,581,82
28045.0,5186,585,91
33017.0,13183,592,86
6061.0,13801,597,105
41005.0,18438,598,95
18047.0,7541,598,90
39013.0,17683,599,93
13223.0,16317,608,91
48329.0,7210,609,86
26037.0,9285,610,88
47187.0,34170,611,102
36069.0,9496,611,91
45019.0,38801,613,101
21109.0,3587,615,68
21037.0,8305,615,80
29077.0,8700,616,95
13287.0,5927,620,87
12117.0,30387,620,95
18105.0,9887,621,85
28017.0,6602,624,85
33013.0,16241,627,89
13069.0,12602,628,85
39085.0,15538,629,90
17027.0,8769,630,92
12101.0,21563,633,97
39137.0,4419,634,70
13013.0,14819,635,85
13315.0,5695,638,76
12009.0,23032,640,90
51550.0,24319,642,83
13093.0,9333,645,77
17133.0,5348,646,84
6083.0,75331,649,92
22003.0,8774,654,84
51131.0,9524,659,81
19049.0,38965,662,93
48037.0,10677,664,91
28139.0,4688,664,87
48139.0,15272,664,90
37001.0,15003,666,84
19061.0,14285,667,88
1055.0,12675,670,82
22061.0,7638,670,84
51171.0,17009,673,82
13277.0,12444,673,87
15003.0,30441,676,101
13117.0,25903,678,91
28023.0,6077,678,79
24001.0,8601,684,74
13141.0,7548,687,69
53029.0,13535,689,96
8085.0,8721,694,86
55127.0,17013,695,88
24029.0,7445,697,82
45061.0,8701,700,89
42115.0,6079,703,81
49049.0,90945,713,92
28059.0,18694,718,90
13071.0,19847,726,83
36107.0,6325,729,93
37023.0,16045,734,82
12017.0,7528,736,92
54039.0,12597,749,87
13299.0,11074,749,82
28001.0,10297,750,87
27137.0,6083,753,86
29099.0,20408,754,83
13113.0,13758,759,98
17081.0,5291,762,70
37021.0,12178,763,86
22111.0,13916,765,82
17007.0,16682,768,71
23027.0,3184,770,83
37155.0,30127,770,85
45013.0,22407,773,93
21067.0,34788,774,101
31043.0,72090,778,64
51139.0,8939,779,76
45055.0,20373,782,101
45015.0,13684,795,87
24009.0,15459,795,88
29071.0,8622,796,83
55089.0,8876,799,88
28067.0,23088,800,88
48365.0,8726,803,74
55105.0,26693,805,87
39113.0,32085,811,88
37051.0,28359,816,85
12069.0,18255,817,91
13115.0,14153,822,98
40041.0,6114,823,82
6095.0,26500,826,112
8101.0,13472,837,94
48347.0,13397,840,81
13215.0,30547,840,87
21001.0,5399,840,71
26017.0,14422,847,94
37191.0,53354,856,94
51117.0,9666,861,86
13129.0,8568,865,94
37181.0,12110,876,84
48471.0,42120,879,82
53057.0,26515,881,97
24037.0,19844,882,85
54035.0,8038,889,87
51095.0,13345,893,95
45085.0,21323,894,87
27169.0,4719,898,82
39165.0,16953,902,87
18027.0,4311,904,71
48203.0,10816,909,80
12097.0,40527,909,94
37179.0,23124,912,85
13137.0,23633,912,80
18091.0,19973,912,93
13255.0,14921,916,87
39167.0,6709,916,84
53021.0,34562,921,90
22031.0,14655,922,87
21083.0,8371,927,76
18061.0,10261,936,86
36101.0,14903,943,86
17115.0,9290,946,79
12121.0,9515,946,80
24015.0,17561,953,85
17093.0,33165,954,89
18029.0,9079,955,83
41067.0,42835,956,108
13035.0,11210,961,85
13059.0,14154,961,92
51085.0,13420,964,95
6041.0,24703,970,110
13321.0,12377,971,87
22001.0,17381,978,85
13009.0,17407,979,86
39101.0,142612,980,87
40145.0,8985,980,83
36073.0,9603,988,83
28089.0,31207,990,89
12119.0,15299,991,89
8015.0,4462,993,86
20173.0,32023,1000,88
45083.0,29033,1002,99
16083.0,19052,1002,89
47065.0,38032,1009,94
37047.0,13979,1011,78
1117.0,27959,1016,92
18113.0,9705,1017,98
37085.0,14127,1020,93
26115.0,26422,1024,93
37025.0,25321,1025,95
51660.0,36647,1033,94
13153.0,19634,1036,89
18127.0,24587,1036,83
19193.0,108171,1040,85
18109.0,14586,1042,85
13051.0,23850,1043,87
28049.0,48566,1045,92
19171.0,20867,1046,85
26155.0,12804,1055,81
48491.0,29247,1058,89
18117.0,6402,1060,81
26025.0,19044,1060,86
29095.0,31086,1067,90
39017.0,36974,1073,93
13097.0,28080,1078,87
6025.0,75556,1078,87
13151.0,39450,1078,94
13021.0,23752,1080,88
51810.0,36166,1084,98
37037.0,28982,1085,101
42103.0,28121,1088,95
18053.0,12276,1092,87
22075.0,13343,1092,88
17161.0,33037,1093,85
39037.0,7923,1093,90
37069.0,8332,1099,87
48479.0,29815,1103,89
24045.0,40322,1103,88
28085.0,12879,1108,86
37101.0,20128,1111,95
16069.0,4591,1112,82
27027.0,17512,1113,87
18055.0,8075,1114,78
22077.0,9437,1115,81
42025.0,13380,1117,83
22013.0,6659,1118,86
8014.0,12703,1120,87
47149.0,55730,1126,94
48477.0,10088,1132,79
28051.0,16827,1134,88
42133.0,52876,1136,89
5069.0,22929,1154,96
51760.0,51788,1154,89
28095.0,12558,1161,91
26065.0,39462,1162,95
39103.0,16521,1172,92
55059.0,49692,1185,90
26157.0,9290,1185,86
13243.0,11150,1188,87
48375.0,94732,1190,86
48339.0,50611,1194,97
18067.0,17552,1196,96
22079.0,34003,1207,87
13245.0,30580,1208,90
6113.0,12327,1221,101
18093.0,8547,1221,83
27163.0,23887,1223,92
51800.0,14647,1226,86
42107.0,31432,1229,85
48041.0,23722,1232,90
18039.0,49897,1235,86
16001.0,52474,1238,94
35043.0,31104,1243,93
55009.0,103338,1254,89
6099.0,36112,1262,96
42055.0,32541,1263,87
42075.0,52240,1269,88
13045.0,29366,1276,87
36113.0,13021,1277,89
18059.0,17936,1283,86
22087.0,34836,1294,92
22099.0,17555,1296,84
18173.0,8213,1299,83
26059.0,9755,1300,83
22037.0,10231,1305,81
6019.0,76011,1317,100
4001.0,58380,1318,86
22015.0,23603,1321,93
22063.0,20743,1329,88
17167.0,16279,1331,93
12033.0,42807,1332,91
45051.0,23955,1333,92
28099.0,25195,1335,80
36105.0,70595,1350,90
39055.0,13797,1359,91
26093.0,26759,1360,88
42037.0,19689,1398,85
8069.0,31005,1407,98
1017.0,21974,1412,88
39007.0,13942,1431,87
13057.0,43307,1449,99
41047.0,49017,1449,99
26139.0,32003,1462,92
22093.0,19122,1462,88
13177.0,23423,1465,96
48245.0,29347,1465,83
13273.0,13080,1466,87
28109.0,12323,1468,94
6029.0,101522,1472,90
55133.0,33968,1475,96
28035.0,24608,1477,96
18145.0,23298,1477,87
55101.0,62134,1480,94
12019.0,21432,1485,95
26075.0,25864,1487,90
28083.0,13053,1488,94
18035.0,16892,1497,86
39129.0,109999,1511,82
22055.0,42052,1512,88
26121.0,27929,1529,84
34033.0,26555,1529,85
22101.0,16721,1542,86
1101.0,63978,1543,94
45063.0,35013,1549,93
13099.0,14946,1555,88
48061.0,38067,1560,88
13275.0,16394,1567,82
4021.0,43187,1569,101
13293.0,15647,1572,80
37183.0,87208,1575,104
22121.0,9143,1594,88
19139.0,28169,1599,88
51041.0,64799,1600,93
36083.0,24818,1603,90
39003.0,10046,1613,79
12111.0,24576,1620,86
55025.0,40354,1623,131
53011.0,29510,1625,101
45041.0,29501,1625,87
21107.0,13119,1633,81
40147.0,17969,1634,88
5119.0,47550,1643,95
6111.0,55435,1656,97
37159.0,32958,1683,87
8087.0,29600,1699,88
31055.0,154055,1706,119
19013.0,81792,1708,90
26087.0,11981,1710,83
36093.0,37117,1718,94
21117.0,27161,1718,89
37135.0,18671,1718,87
4015.0,16040,1723,81
48121.0,71373,1727,92
45027.0,16114,1728,87
48085.0,68277,1730,98
36021.0,18899,1745,87
18005.0,23834,1753,91
22045.0,21400,1766,88
26147.0,25805,1816,95
22117.0,22810,1819,90
44009.0,25364,1819,82
1081.0,30968,1825,92
22105.0,46514,1835,87
18043.0,16490,1837,91
36111.0,94206,1837,99
27037.0,46584,1846,95
53063.0,33196,1858,112
48167.0,48657,1859,94
12127.0,38942,1863,100
46099.0,167342,1881,97
39109.0,17764,1887,89
51510.0,82907,1902,95
18011.0,17046,1905,97
24025.0,39957,1932,99
37089.0,16689,1957,85
26021.0,30939,1959,86
22073.0,63131,1960,86
38017.0,67246,1975,90
13205.0,23027,1994,83
13139.0,119878,1995,91
18141.0,59486,2007,96
18031.0,14968,2010,83
37063.0,74778,2018,91
31079.0,76609,2019,81
42129.0,27404,2056,88
36007.0,26790,2057,93
6077.0,50462,2057,97
36063.0,46029,2065,87
6013.0,79553,2070,104
18019.0,25197,2076,89
39173.0,14144,2079,85
42041.0,29956,2102,94
36065.0,46411,2118,87
12021.0,71996,2120,97
8035.0,40802,2143,102
40027.0,30809,2187,92
13261.0,27667,2189,87
13015.0,27715,2198,96
6075.0,136233,2225,134
34009.0,29483,2236,88
48157.0,97007,2247,103
22047.0,32380,2248,88
26077.0,38348,2263,84
12031.0,87788,2283,95
53073.0,25237,2292,97
12095.0,117974,2314,94
50007.0,32065,2330,96
23005.0,55299,2337,94
44003.0,50795,2350,82
39029.0,30459,2357,87
17119.0,28455,2374,89
22019.0,33684,2380,88
51107.0,101596,2380,97
39155.0,28620,2394,95
39169.0,12525,2407,82
27003.0,49777,2438,97
13063.0,63477,2448,92
25003.0,35000,2465,100
17201.0,83279,2470,92
24027.0,87728,2490,92
17091.0,48657,2490,89
12105.0,48969,2525,90
12015.0,22112,2531,100
22109.0,36405,2597,94
47165.0,51642,2660,89
4017.0,82335,2671,90
45045.0,77014,2675,92
40143.0,53249,2681,101
1123.0,21772,2708,84
22089.0,40908,2717,94
28075.0,33811,2723,81
25011.0,19237,2748,89
39093.0,36379,2768,93
32031.0,79757,2788,102
34019.0,50945,2798,91
10001.0,67480,2803,89
34011.0,92451,2853,87
22097.0,14930,2859,88
48141.0,114771,2889,94
37081.0,53965,2903,89
48303.0,40351,2927,90
47037.0,266447,2934,99
39133.0,18431,2980,85
40109.0,67732,2981,94
29183.0,44653,2983,89
42043.0,59002,3007,85
33015.0,65948,3037,100
22005.0,49275,3079,91
9013.0,40086,3107,88
45079.0,80575,3133,90
8013.0,50450,3160,93
49035.0,249885,3210,111
41051.0,61485,3278,97
20091.0,44149,3326,100
12057.0,116613,3361,106
17111.0,69082,3363,97
35001.0,74175,3382,96
36079.0,70921,3386,92
6067.0,85305,3430,115
24017.0,52587,3492,94
22057.0,49864,3597,93
53005.0,47939,3600,89
25015.0,43736,3668,88
9011.0,50770,3701,87
26081.0,158860,3707,95
12115.0,32808,3710,95
6107.0,83707,3734,95
19113.0,51139,3764,86
12103.0,70808,3851,97
18003.0,66271,3872,87
51153.0,218021,3872,95
4005.0,52567,3873,89
48029.0,142065,3956,124
17163.0,54089,3963,93
18095.0,33391,4003,89
35031.0,103979,4017,87
20209.0,69543,4090,95
18063.0,61231,4099,99
42007.0,31130,4116,90
53053.0,128222,4125,101
6081.0,110273,4252,105
37119.0,193796,4256,95
48453.0,160294,4258,94
39151.0,34954,4311,96
24013.0,42541,4346,93
1073.0,91754,4471,94
51013.0,95099,4491,96
53077.0,161029,4569,95
27123.0,102535,4648,101
12081.0,52962,4673,106
42089.0,83265,4785,98
12071.0,98762,4814,101
24021.0,88339,4869,91
19153.0,165530,4876,92
22095.0,55022,4910,93
35045.0,73978,4957,85
25001.0,73529,4964,93
26161.0,85682,5012,95
18057.0,64279,5064,92
6001.0,163103,5074,106
13089.0,183357,5087,98
26145.0,53410,5087,86
36067.0,96185,5217,91
47157.0,246289,5275,99
8041.0,87515,5357,101
1097.0,103302,5399,88
33011.0,107356,5612,92
18081.0,56760,5626,96
29510.0,100584,5792,89
8001.0,152544,5847,95
34015.0,108494,5899,90
10005.0,195105,5905,90
13135.0,178093,6042,100
34001.0,96542,6044,89
6059.0,285888,6297,142
36001.0,95951,6424,95
34041.0,64950,6426,90
9005.0,74133,6559,95
39061.0,122993,6706,88
39153.0,64176,6716,93
51087.0,82950,7007,90
9007.0,55654,7017,89
36027.0,225577,7025,95
42079.0,160710,7059,92
10003.0,173264,7097,96
48439.0,251059,7205,97
8123.0,135051,7257,94
17089.0,243565,7351,97
8059.0,116585,7426,102
42069.0,77666,7694,89
34037.0,65717,7732,88
42003.0,106916,7797,93
24003.0,173659,7900,94
21111.0,123920,8125,99
39099.0,73718,8310,90
22103.0,101052,8344,94
13067.0,151289,8379,100
6085.0,175391,8551,136
53061.0,213265,8643,146
13095.0,114490,8776,92
4019.0,122049,8783,98
6071.0,230621,9020,92
18089.0,171719,9144,90
22017.0,133153,9187,96
42077.0,214694,9207,92
42095.0,164171,9448,95
36055.0,141914,9844,96
39049.0,265125,10300,93
48113.0,457721,10525,97
39095.0,111440,10704,92
39035.0,213824,10736,98
13121.0,241446,10973,105
24510.0,240692,11144,92
48201.0,614973,11272,102
42029.0,131435,11757,94
22033.0,183077,11769,90
42011.0,210605,12819,89
34005.0,228380,13085,97
17097.0,372962,13282,96
17197.0,258262,13473,91
6073.0,364850,13514,126
8005.0,217965,13576,98
26049.0,122446,13699,88
24005.0,282517,14218,96
42071.0,155039,14405,88
8031.0,277110,14759,101
34007.0,312848,14965,101
6065.0,376019,15012,100
55079.0,340024,15413,94
51059.0,449285,15644,100
12011.0,410804,16103,101
17043.0,336986,16764,93
12099.0,299209,16850,95
32003.0,354388,17470,102
25005.0,332239,18183,93
29189.0,259099,18299,100
4013.0,481345,18421,141
36071.0,626196,19585,95
44007.0,519265,19618,82
11001.0,419777,20844,100
34035.0,257558,20883,91
34021.0,338961,21638,93
42017.0,255843,21865,96
36029.0,300185,23860,92
24033.0,672967,23916,98
42045.0,325240,24864,101
25023.0,406979,25261,92
27053.0,310806,25449,95
24031.0,496383,25906,102
36087.0,840385,26225,101
22051.0,478809,26246,98
25013.0,308014,29153,92
34025.0,471475,29531,98
18097.0,502423,30042,101
25027.0,518937,31259,99
22071.0,488192,31262,97
42091.0,362437,31633,100
34027.0,385299,32024,95
12086.0,997105,32531,96
34029.0,495301,35160,94
53033.0,508904,35526,108
25021.0,448724,39751,105
25009.0,720423,42069,97
25025.0,976154,42375,135
26099.0,404480,44222,94
34031.0,909298,44973,99
9009.0,592420,45083,93
34023.0,882311,48711,96
34039.0,912352,53503,98
26125.0,556795,54107,97
9003.0,494853,57770,93
42101.0,1171452,59503,97
34017.0,1064984,60006,98
9001.0,870207,64201,99
25017.0,1123201,74458,102
36119.0,2157789,83604,103
34003.0,1132374,85052,103
34013.0,1018577,88367,95
36103.0,2447490,100981,99
6037.0,2450919,107327,141
26163.0,1257987,132661,97
36059.0,2581901,150407,102
17031.0,3606518,162214,143
